V1,V2
2.072345,-3.241693
17.93671,15.78481
1.083576,7.319176
11.12067,14.40678
23.71155,2.557729
24.16993,32.02478
21.66578,4.892855
4.693684,12.34217
19.21191,-1.121366
4.230391,-4.441536
9.12713,23.60572
0.4075031,15.29705
7.314846,3.309312
-3.438403,-12.02527
17.63935,-3.212345
4.415292,22.81555
11.94122,8.122487
0.7258532,1.806819
8.185273,28.1326
-5.773587,1.0248
18.76943,24.16946
7.752016,-3.334991
10.61132,28.44378
2.02165,-4.687122
5.145525,11.186
6.24331,19.47716
-11.70671,8.073185
7.255978,14.63704
3.392373,1.220712
24.2999,40.42887
4.094005,6.944695
11.80358,-2.445336
0.09228785,-6.651035
28.50607,-9.091833
23.40831,7.931438
10.56305,12.54468
20.14157,11.11789
-1.871265,8.60885
29.30237,14.02176
18.65383,17.21672
-2.972188,6.370999
10.32313,12.11574
16.90539,-1.355044
6.75371,12.02797
23.94777,13.35047
6.883513,6.188563
-1.241542,10.08179
20.50827,-1.57887
-3.75683,1.60851
17.9176,13.09896
2.002537,-0.656524
10.7768,15.5336
24.15819,5.330366
0.3268727,7.288787
21.64777,14.00506
6.871417,21.51998
15.14264,5.111947
11.54712,4.75756
0.6611676,-10.14263
-13.66531,16.93903
24.90937,-10.82038
-4.53022,-6.173767
3.163677,8.051481
1.495172,-7.261601
7.097637,2.105751
3.509483,24.58487
12.99879,24.91248
0.3593824,6.387915
14.35429,-2.252421
3.831208,-2.000873
31.40462,26.77209
-5.501097,13.39128
-1.04476,5.955898
4.409013,9.323681
2.917201,16.53999
7.265954,10.64794
10.32038,13.36857
9.35213,10.42427
6.648532,11.07535
-1.922306,4.888493
7.22604,13.02948
8.327288,8.540999
17.69046,21.59555
16.58353,18.16115
12.35425,31.96708
2.471138,5.482761
18.4925,29.42421
10.1196,7.162078
20.40245,3.943319
12.71589,4.531656
24.35859,-4.0644
21.74312,15.90887
12.27208,-9.612116
18.29681,22.38563
3.530957,8.673297
5.026042,36.03767
-0.8633009,-7.586249
26.83892,13.13713
19.11999,7.209715
-0.8841637,27.15254
-5.191529,29.65612
9.796095,15.43598
11.66314,10.63428
9.925199,26.80364
33.90998,15.02652
9.57004,9.2481
-16.2653,13.90024
15.10579,3.350049
-4.186504,7.96441
12.54816,32.51867
-7.733469,9.634491
18.91337,15.7414
-1.050022,-4.003455
-6.894765,1.041802
23.05031,-12.76934
25.96073,11.44522
7.950795,6.811407
-3.669517,-4.329696
10.52266,23.3561
26.29452,10.51806
12.42904,23.15663
0.1170239,24.65274
-1.040023,1.629857
11.16266,9.0201
13.61452,0.8832188
8.028045,14.82966
20.40253,22.0472
8.818028,18.90424
-0.3163153,21.40601
7.190193,9.13962
-0.4711474,-8.29095
16.6546,-1.519889
10.51711,-5.018592
17.96306,14.46713
-1.315535,11.6027
5.113728,3.961434
32.25842,-2.712702
-10.59094,15.40292
21.60892,17.75002
11.31144,1.031762
11.30595,3.068958
15.51137,8.943091
15.37201,18.17922
3.77755,13.33419
17.27989,13.97798
-3.349734,26.6599
15.72571,6.373983
25.50999,15.15837
16.68281,18.95937
-4.734694,24.09568
25.08795,19.69376
7.038364,10.6667
4.521214,-6.635304
6.454509,13.66272
5.322541,22.3855
0.6316529,19.79414
-5.669132,11.32511
9.843806,-4.695499
15.39168,14.14527
1.289581,10.09948
17.10334,6.207793
17.13273,6.609228
9.70176,12.33497
18.80351,-3.160759
6.08478,4.689186
-6.025192,26.61258
4.237603,7.315439
16.82231,8.13356
-4.768829,28.65819
0.5061416,4.946298
12.57349,10.41494
16.35374,6.874306
0.1009744,2.590253
13.67556,-12.72959
2.477362,8.42026
14.99279,15.16393
29.71711,15.62874
17.48491,3.3823
13.45815,-4.13764
2.2072,-1.554494
23.05134,24.39491
32.74222,25.56641
15.56297,24.94262
8.132651,8.998712
0.4580866,-9.891244
-9.164294,5.029294
-3.031709,20.23346
12.12393,15.103
19.95281,29.14982
13.00477,27.23093
10.4399,25.7741
0.351724,12.2222
10.37312,6.863773
17.95419,4.455694
21.06292,3.607867
6.069686,9.325338
14.00808,11.5225
-1.777792,14.62108
0.7525703,-7.381838
-2.329547,5.070321
1.77457,6.278572
10.69576,16.30571
18.11151,34.12422
0.2417766,27.04643
-0.4202355,4.105829
15.41425,14.78257
8.463556,23.04895
12.03072,17.41157
18.68731,6.949079
6.369355,5.700326
21.82924,5.564074
7.61541,-5.024377
5.823252,18.40279
22.35203,8.526174
6.434616,21.16974
0.5560946,-4.866076
6.737062,-11.7331
-1.392677,14.64543
4.935136,24.86809
20.35508,26.98124
8.624667,10.67174
16.31749,11.64083
9.014875,14.42246
17.59833,26.66023
2.636649,24.04782
13.82606,16.27159
10.39783,3.804893
-6.27359,3.878999
-11.88057,0.1788024
21.02048,9.690716
18.25632,16.94127
24.96351,-1.158215
10.13696,6.446662
3.509066,16.55414
2.409921,-0.3445188
16.0843,7.562616
5.987025,7.456533
12.63902,14.35081
7.392535,22.61304
10.37212,-1.25827
-19.01791,0.6507304
3.030817,4.580993
34.0303,-3.716423
-5.843476,13.79137
36.95611,-1.245269
-0.188409,-1.86653
17.28285,1.558553
8.9204,29.19455
-5.873556,6.456733
17.76259,24.02293
12.49482,22.47067
12.6087,3.212588
3.606599,14.24789
20.48342,13.74531
31.6423,13.04685
4.745898,7.317133
-5.295478,6.001008
7.238307,19.98631
6.144599,19.91034
9.837835,8.336385
18.64695,5.146764
-0.5638628,9.673976
5.21368,21.83143
-0.1993878,9.176207
22.42831,8.390862
19.39561,-7.412824
31.28428,4.131464
8.380888,0.2647594
7.84069,13.20062
23.85992,6.171501
6.188661,24.92638
18.08387,19.74208
14.23096,12.43815
14.4807,8.661634
30.91987,17.57755
4.117051,3.299065
18.10072,9.572447
-3.777019,1.115207
18.47156,8.861407
30.69195,21.9132
1.838687,13.1765
14.22135,16.96163
27.70961,10.52575
9.956135,7.890054
11.7273,14.00086
2.154482,14.16347
-0.2120434,1.330881
-1.738983,16.9849
2.299075,-0.2934258
22.01149,-0.4469464
4.275241,16.67383
19.38943,4.436821
8.80722,13.23823
-0.7658179,-4.004811
12.69128,13.52916
12.73131,7.050802
8.388222,23.45347
23.42708,4.598641
4.046104,7.634936
7.667025,3.193633
22.60801,5.13032
14.74391,28.76733
20.53201,8.01565
16.46037,16.81531
12.70669,11.48214
-1.474059,3.329562
35.04961,14.4484
2.529177,15.56721
28.9961,-15.57834
10.57878,6.307686
5.52815,14.12427
12.48016,2.728922
18.10028,3.891689
11.17125,11.10063
14.58538,25.99213
27.21567,-1.980637
-1.40271,22.3755
-14.66871,9.792318
28.25157,14.28507
2.688756,3.029997
9.58344,12.00506
3.65772,1.649871
3.575705,14.80241
34.62557,4.384648
36.12292,12.05849
12.56065,-4.733039
37.48364,34.12808
1.915274,22.28056
18.14029,3.569117
-1.214981,-3.318584
7.646434,29.92259
-2.844509,13.71118
14.62733,16.4933
-0.3742695,15.06495
10.15795,13.33612
19.4574,11.29307
-6.23644,9.581524
0.2870638,6.756246
7.025387,8.299629
6.205405,29.41931
12.37304,4.152157
-8.001964,15.62843
9.879504,13.94365
12.83222,20.98375
10.71142,18.59333
10.09704,9.915216
17.89963,6.451302
-6.720686,14.99367
3.712734,7.361372
-16.22395,17.81785
8.71418,24.10122
17.05254,5.227864
-14.69171,31.79987
7.943416,10.26803
14.00498,21.54721
-1.302871,2.063343
-0.7624772,7.001412
21.54626,21.13478
1.232726,12.78234
1.602791,2.210584
-6.679344,12.61919
-6.89254,2.942795
12.32427,22.68294
21.02468,26.13788
6.443124,-3.984948
22.39199,13.58907
18.06598,2.753522
8.136961,22.73404
13.14208,24.21235
11.51451,15.92228
-2.505605,15.30741
3.29959,13.2484
-4.795219,1.21583
29.08478,10.30137
5.12492,4.627426
17.06078,9.965354
-0.340825,11.85959
15.29532,9.07695
6.39995,23.04672
14.52243,17.69336
28.85673,4.007334
10.77192,5.787269
7.428645,15.77705
-6.637651,14.04711
17.08812,8.223101
15.07757,-13.68943
-22.15215,9.511638
5.04531,1.784843
-2.521792,-7.60383
32.85505,0.3210041
6.070759,5.579687
3.508814,-3.738329
9.818843,2.407706
11.93353,18.78467
2.850058,-4.31489
5.20408,6.957638
13.56349,9.16074
2.631175,5.677225
6.517994,-0.974309
15.80081,19.64233
14.07388,-1.577052
-3.888388,0.4062882
18.69151,10.06134
21.0912,26.45951
2.459292,6.838326
6.513192,-0.7243317
24.3063,14.39751
13.94559,0.7581209
-2.664707,-6.36948
8.106246,0.4920085
17.07317,25.84198
6.049433,22.92962
23.94025,27.27981
-7.401308,-3.555808
2.926755,22.41698
-2.774311,-21.36068
-3.094624,16.60375
15.66338,18.60818
22.3694,20.29701
-0.984013,23.2461
28.63485,4.79718
21.88014,12.66741
-3.621506,4.750143
12.52111,8.46408
-22.49599,0.1392916
17.33361,3.268888
-6.884011,-1.824905
10.21154,24.45211
12.14809,12.06576
-1.924867,-0.1361344
21.60187,10.23303
15.66342,13.89372
15.0212,9.187742
13.60186,16.88655
4.554105,37.17632
12.56063,7.900061
-11.53464,11.63952
24.58798,1.860825
-8.381909,14.35407
-6.114265,7.363373
-5.19861,12.78676
21.17985,10.36981
6.734995,23.19933
10.19698,15.43111
12.04076,17.23649
25.86829,2.396404
-5.335044,7.578044
9.824228,6.06933
14.24967,27.39351
5.553391,13.30626
9.224884,-2.702723
16.72743,15.95237
13.19714,14.47518
13.47672,-4.123874
6.28349,11.55091
15.38618,-8.226192
10.96815,9.922543
14.3925,3.203174
22.91966,20.66688
12.9942,15.3486
24.38812,18.26395
-9.467832,0.6434593
-5.988947,22.67049
-1.766619,18.50818
-2.997209,15.36209
-2.980586,14.54187
19.18525,12.05587
18.62052,-6.348775
4.541831,3.586799
2.029832,35.52395
18.08133,6.853875
16.55184,29.25978
20.81487,0.2041338
4.773241,11.55061
17.54123,24.48917
11.232,27.95659
19.88413,3.37349
-3.511829,6.03616
19.83789,5.660164
21.5811,2.308901
12.77548,11.26171
-3.640386,-8.611116
22.1939,13.67507
24.52809,3.520373
-2.055682,19.0635
22.10497,10.32231
11.01341,25.31104
19.34416,17.96907
-3.011348,22.65403
4.864152,-1.24612
-12.93381,4.052313
-3.225042,2.066012
27.51631,9.72616
15.95689,0.2902336
5.763955,18.51403
24.53113,23.72683
12.13776,-1.241701
-6.742276,10.8888
1.712732,14.68423
4.114345,23.43694
24.57423,17.20925
12.09148,-2.061826
6.380095,19.50401
15.4881,21.71908
3.572731,-3.078149
26.35669,20.47212
14.78471,23.34586
-1.279279,0.9330042
0.01129247,8.008012
5.984768,1.961941
8.858572,17.18472
19.37649,2.122504
9.10579,19.51155
9.643453,6.241649
-3.109174,18.91863
10.541,-3.394954
4.573325,11.78297
22.98676,10.07359
-10.77961,14.08271
5.63292,18.08959
5.782557,12.32168
27.1903,10.58244
8.92082,30.34188
-1.781047,10.98773
-0.7274996,-7.879213
23.33998,16.66643
16.00585,1.374964
22.97108,15.7172
8.993785,-9.014578
8.249774,-2.679776
5.368688,12.60516
25.45515,22.22258
16.10149,11.38547
25.9423,5.396589
13.96851,23.8073
1.059773,2.482886
11.19896,27.34923
10.01848,12.379
-5.964017,14.30957
14.69272,13.94027
5.162226,-3.949188
16.13654,2.491281
-8.427487,17.28569
17.46026,23.52985
4.839787,2.035094
24.78075,8.787683
3.28531,-2.704306
1.317184,13.35289
5.000647,13.50562
-2.902717,2.24029
12.86082,12.72926
6.369858,11.56653
5.91316,24.22981
-4.098757,-5.008349
-0.7625945,18.5798
15.58506,11.27319
5.403196,11.22043
-1.124667,31.28172
6.120589,10.16824
6.07585,31.16029
-8.399909,8.830895
36.17882,-22.1776
2.199297,12.84548
8.845364,21.62596
-14.18104,1.871214
34.64086,11.64993
-0.7696695,8.42469
-6.12447,23.05465
-14.65142,10.9695
11.58703,14.49658
0.8204501,10.62322
28.5049,10.30336
-8.36784,4.386019
32.45148,7.488423
6.733568,18.12497
10.64451,16.76856
3.219324,19.57019
10.74578,27.00378
4.207717,2.851358
13.87413,13.78015
-10.31962,15.46054
11.65267,1.74313
25.78439,2.961885
12.48763,18.15628
7.276056,14.08258
9.188286,18.24487
7.066136,17.03944
2.462034,7.644942
12.10048,15.32802
-0.531199,13.14534
10.19152,5.414252
8.34839,17.09359
-7.409304,15.4642
15.99423,13.51288
-6.608865,-0.9393074
13.86558,6.094001
24.64994,6.494246
20.51858,17.59508
11.26143,2.013683
5.034868,7.499159
1.19408,23.50754
13.19178,12.76363
9.728273,11.80716
13.9332,15.7472
18.43648,12.18253
12.60749,32.6225
6.429051,1.972634
12.33216,-14.73958
17.02514,8.819268
39.89024,23.99687
20.98933,17.29635
11.65338,-5.657587
15.09138,25.02662
11.22707,-8.075131
10.76558,-4.988425
3.910868,18.41193
9.769555,15.26871
12.98944,5.868339
15.62113,6.474136
10.13399,-2.499796
1.27228,6.644602
28.93972,2.331538
-10.50514,20.75097
0.2242924,22.1642
23.20978,11.40963
17.61025,1.974165
7.37956,-5.537147
10.10124,5.680655
18.15361,9.892188
21.83601,26.09115
19.94091,14.92146
-1.475135,8.28278
-7.943031,-3.830219
11.30458,8.819062
20.7643,6.118451
12.46828,7.275093
16.64017,1.672324
-11.45466,7.741682
7.891755,-8.190833
5.29503,24.11116
6.695052,20.8704
5.536268,15.65921
-1.786147,18.38471
10.10925,19.37812
12.36446,25.65443
24.26076,6.211672
-2.913374,-0.5345634
19.30486,14.99081
-7.134083,-5.31856
6.658128,-0.8207126
13.56779,3.181591
9.165157,12.44468
16.57652,19.44045
13.04035,25.82305
12.10189,-7.604383
3.820956,7.389069
10.48589,11.97492
15.89318,17.60414
4.465372,18.83929
6.583345,25.99912
-3.657566,8.821053
9.940546,-12.20743
28.13562,-7.671818
7.351463,3.724133
25.14936,4.756451
-6.347524,11.70047
8.469816,1.854826
15.9227,21.05449
13.16243,22.88495
6.61163,7.602462
14.55212,-1.466516
5.984364,2.761451
-2.990747,18.67975
10.47763,13.9604
15.70686,3.711452
31.10299,3.897385
-0.2682848,14.07392
15.77137,3.525233
-4.961974,27.05419
10.78593,2.022093
18.0671,31.1079
7.007197,16.15708
5.324583,16.39802
25.69982,3.056635
20.72,23.58926
2.090151,9.11213
14.57106,-6.990855
15.51143,-5.554229
25.34928,25.96264
-2.523716,6.682418
-0.2446706,-0.7271909
-3.787227,2.679385
4.146919,13.84954
3.629787,-4.12287
27.08326,19.22561
9.194675,18.3967
12.34312,2.642345
7.808154,4.437537
11.60988,7.291999
5.989497,8.107
4.259952,9.585877
16.38846,16.90853
5.568457,7.260552
22.8137,7.456842
14.04878,15.9274
3.027084,7.60309
18.73794,0.02478778
28.05616,31.56779
-0.3963638,-3.104964
-1.199626,12.69042
0.7270734,2.26189
27.09159,15.82479
8.936564,4.499611
18.23345,15.64262
-0.429218,2.211029
15.6607,19.98972
14.23374,15.76271
5.829822,10.34468
4.230915,1.735521
12.19179,15.03855
5.103175,3.64185
7.08866,6.2657
0.01341287,14.39395
16.07051,12.18371
31.6029,8.55297
-14.94727,16.5969
38.0434,2.138592
24.30645,7.067761
29.12768,5.911166
2.734299,9.551941
5.490974,15.10988
25.76946,3.324707
15.67774,28.04655
27.45951,4.004603
6.71577,17.91905
4.453012,4.265516
21.77856,12.28597
12.709,12.25582
6.460027,2.503197
-8.207786,27.72911
9.914433,14.1201
14.48534,4.178134
15.60438,1.94312
-1.809368,9.6628
16.42695,-3.171427
6.084253,10.33377
8.627294,-2.30743
14.28665,3.929615
-11.54532,-20.01888
5.575772,10.67374
-2.537058,10.25853
20.09051,9.33872
-8.85235,13.48051
4.209417,17.80107
10.57944,13.80524
1.86462,11.39824
10.84852,18.48534
-0.7703359,24.88074
14.36989,10.3415
1.489437,-4.19631
26.44959,3.562471
-4.266789,3.653826
8.976836,18.40393
20.77485,13.18247
27.63714,19.13911
16.29336,8.550992
16.87829,14.83276
16.82551,9.976617
5.165351,6.9856
50.97437,19.26007
-0.1216837,14.11777
-8.032165,11.65195
-0.7711908,9.478467
7.822278,4.63563
-2.542693,31.29946
12.41543,10.05657
10.44706,6.147121
10.02766,15.33033
15.52898,5.241399
9.747575,11.99029
19.98159,14.5416
18.36432,-4.59378
13.22721,7.873434
-0.5568769,6.233604
7.476011,16.64447
-2.541061,16.41452
14.30498,11.84888
3.967357,20.72875
0.2271643,29.08483
11.57322,14.5351
2.318771,19.85869
1.748142,10.93859
17.78253,4.558752
-4.290225,4.425946
16.53104,4.671925
7.546088,10.27894
13.15203,8.540096
0.5304746,18.33461
21.35885,27.10033
-0.527498,17.29681
12.94586,12.23683
20.56008,-0.5277433
0.369141,-4.90859
10.88581,-2.084885
1.047853,14.6625
17.28469,1.17794
8.224514,18.21265
18.79663,1.558912
2.294629,11.46264
13.16382,15.70806
11.96874,22.31844
18.1468,1.836594
6.30985,10.4237
12.49809,13.02343
6.254294,28.35686
20.57987,19.25847
-0.675866,6.132365
-2.52902,29.84877
2.531129,31.62439
16.98884,14.57923
2.599834,20.39453
6.326382,0.826507
13.8971,7.50579
-5.493487,19.43579
21.96003,24.61082
7.303667,2.841022
22.35765,1.493998
2.104918,5.705926
26.18462,-9.62667
20.80766,10.34603
10.57028,34.39865
-7.880563,13.95659
6.534681,16.05914
6.421189,22.4082
2.536329,2.955975
17.02943,29.76824
-0.4862341,12.23679
1.188364,8.102704
-3.906957,5.578883
5.441873,5.874897
18.66013,-4.470882
13.33514,3.557717
24.12527,18.52547
12.98691,17.43439
13.35877,9.173119
13.41857,-0.07619125
5.224356,22.71993
10.34212,16.27103
-0.3693704,11.25666
12.91639,31.99353
0.9090181,24.91849
-1.409272,9.203924
-4.365977,16.91661
10.25595,22.35262
12.43669,10.23768
-1.170456,15.72802
-6.229601,23.02026
9.663633,25.29418
9.05127,12.58227
0.8767106,20.08131
4.492934,16.61764
15.53079,10.37215
0.789848,22.08501
15.88278,10.7026
15.65385,1.855822
7.006049,1.034778
18.06041,-0.4099859
19.50145,22.84672
14.34475,-0.5536328
6.584492,24.95815
0.721706,16.4536
8.034842,9.826132
22.07318,10.31959
8.20879,16.10261
-0.6540285,7.41859
33.90343,3.274898
15.55832,13.55292
7.387878,15.86786
5.051225,16.53437
5.229687,18.39176
9.339954,9.981995
14.02917,2.41937
3.084545,30.35293
-9.022234,3.566726
8.187902,10.07435
4.389926,10.11696
17.49107,9.631412
25.94192,6.535813
14.06103,2.905847
4.658055,-5.764765
19.84404,19.12729
15.56143,9.62353
7.178256,14.85566
22.64227,4.81697
-7.804288,-1.111585
-5.118906,7.387376
6.152764,14.22517
8.551857,24.93599
3.134369,-6.632367
-1.164893,18.86306
48.1905,56.00667
48.32863,76.0944
31.44145,62.66712
37.60916,64.75492
52.68577,71.53609
48.723,83.29384
31.85518,59.35438
55.55334,57.31956
29.06337,49.34992
50.45302,78.01416
33.5429,51.27797
45.11086,46.34557
43.73054,67.13846
55.90229,44.41355
35.51136,63.02239
36.66438,60.00177
39.22292,42.76795
25.76358,72.0769
42.31278,66.04035
46.66542,58.45405
57.76221,50.79996
53.64062,53.19439
55.59307,72.58209
34.6382,62.93818
68.81378,49.40914
38.22668,55.08212
42.41835,73.77797
44.42384,52.0499
32.44594,52.46474
43.85302,49.00594
52.93561,51.52707
46.05927,70.18995
44.43309,58.9645
53.3247,66.99565
54.93488,52.0303
44.00335,60.1725
38.54234,53.11563
26.89144,60.17693
27.22742,47.07473
24.60301,58.44653
45.18391,69.45772
35.58807,73.17408
28.12908,44.06283
39.83815,48.70388
40.05444,79.05227
54.45572,49.34488
58.99003,59.51809
47.31255,47.80124
46.05767,70.08161
51.1862,60.57783
58.01157,62.87727
31.05124,61.88555
32.63545,43.24568
59.21907,75.16453
40.6654,81.79757
35.82676,67.83398
49.35519,75.29319
57.81302,55.61863
36.07083,51.26997
33.88886,48.83694
38.75301,68.91596
44.30184,53.37654
43.40867,62.64091
36.25078,46.24887
35.66046,40.16179
44.1886,74.18132
42.35297,68.86938
59.72761,71.64868
41.7742,74.69192
39.48583,58.30032
46.18587,49.02519
32.8916,50.17133
31.03531,72.2532
47.2611,67.1427
43.63065,63.04766
43.20379,57.58694
34.45682,54.82336
36.08501,68.00059
55.93224,63.07734
30.01013,67.8034
40.17444,50.23319
40.51248,61.16069
44.84228,59.17143
44.95826,65.09772
49.34734,52.56688
24.18327,63.48712
41.57294,48.41452
36.97141,65.02328
39.83944,49.22476
39.42764,46.07249
33.85577,58.8609
32.44452,46.98045
35.12357,78.56973
36.99186,63.62753
44.04283,69.94757
47.66477,59.80407
46.3599,59.65952
71.56261,53.91534
28.92869,46.33052
47.19929,41.39569
48.15507,83.98581
48.4477,54.65174
35.18339,68.19836
52.26128,50.64056
35.77592,62.37214
43.37792,60.65264
40.40879,53.21294
46.39126,64.80002
61.87996,62.7935
18.99094,54.79462
35.54591,64.34436
50.37548,68.05591
54.54673,60.98913
44.13707,53.40706
45.55372,70.63025
45.68042,41.9937
55.04569,48.46728
37.81383,42.24533
33.56491,78.10993
19.2699,67.18515
37.28481,37.79198
39.77556,44.83249
35.46314,70.30631
40.41439,65.25805
26.7135,60.60958
40.50345,57.22231
29.83138,55.35326
40.04233,60.38692
40.95189,51.6069
51.68887,52.47176
24.69499,50.50501
62.78684,55.41728
21.08624,48.07032
22.0205,45.01294
41.01136,45.20848
41.47629,49.69875
43.15526,69.96187
29.06922,31.39812
33.97264,58.3128
35.58473,46.37667
31.52146,61.44991
38.50949,54.9348
48.51959,45.1665
51.80655,48.92263
59.93333,41.36604
37.52437,65.41436
41.38512,58.3734
59.89985,45.3802
46.32288,49.54236
45.69158,60.92593
36.79516,78.20391
30.70871,70.33036
51.97064,80.70323
50.47091,64.8867
52.55752,66.85835
38.0208,75.94703
47.81833,58.65439
45.85127,67.85252
51.34424,68.26302
37.33317,67.98247
45.61133,63.20619
31.50764,65.71172
28.51895,73.79701
50.74807,53.57638
39.53701,69.93832
49.56372,68.6858
57.41644,42.79595
35.55559,58.52347
42.96314,37.97548
41.98642,55.80981
32.55532,46.44257
32.34528,60.57506
24.44857,51.36618
39.53357,64.53082
28.80983,55.80426
39.83018,55.04155
39.42011,44.53216
42.75812,66.42826
23.17606,56.86704
25.55901,68.7241
18.26403,40.02327
30.70777,63.31014
49.43437,79.62605
41.15351,60.28376
36.17541,65.56798
44.08116,51.84447
43.27453,68.85571
49.39423,60.62898
50.53357,46.03307
42.95269,71.277
30.57404,76.27772
35.20991,69.40798
39.5469,58.25396
40.54202,68.29326
42.14727,63.224
39.30898,55.78019
50.05859,57.09342
43.67538,63.21723
39.79353,43.73809
43.44539,50.19695
41.67813,55.28962
48.594,69.64589
38.46082,61.08416
53.26524,63.82018
49.0517,66.49995
39.31737,67.48604
41.24618,49.47654
37.88715,59.91647
41.14622,63.44699
32.52164,73.23534
41.10812,44.68184
25.34895,55.25141
41.9661,60.38896
40.65187,61.11229
31.38396,66.525
59.78578,38.49133
31.3399,63.09048
40.92554,60.43771
29.67727,66.38073
32.59683,33.86709
20.88727,56.18753
37.8447,51.01321
40.57783,69.06488
59.67326,74.55562
36.6854,50.43604
45.94,57.68176
64.98144,79.71206
36.98331,65.35463
45.67468,55.15185
37.51643,49.06353
51.32067,56.63374
46.13968,46.26812
46.3057,50.07933
58.78482,35.37284
24.40643,58.87376
42.22782,61.23968
19.33637,69.78316
39.09501,60.00454
31.54544,56.18556
46.81052,51.33483
37.31417,60.64799
35.31276,64.61462
47.03397,66.32737
43.20051,64.01385
57.78369,73.30975
51.95346,50.6932
37.04092,60.51894
33.26079,75.71045
45.94416,71.49937
35.73385,46.9001
40.76379,67.68751
35.14554,65.5663
35.66175,56.80016
28.88317,43.26803
31.27264,66.3293
34.13748,60.96088
47.33729,68.169
31.18816,78.43963
37.92156,63.1141
53.294,55.50262
61.38426,59.91205
43.75808,67.45812
38.92632,43.12086
30.63075,79.46695
28.52392,59.14458
34.3243,60.94347
24.5469,64.80247
36.00817,46.68387
21.60583,46.62644
44.03259,64.42778
33.99769,56.55145
43.60366,61.25346
46.92525,54.08689
50.50127,60.62361
53.49198,41.07875
42.67635,55.93246
27.99422,53.68188
39.43207,57.01566
26.77366,63.055
42.40971,49.95729
36.22691,57.21221
38.46163,67.33074
43.78143,65.92309
32.78291,73.01238
34.33231,60.31763
38.62762,57.39558
40.80154,39.94366
34.4872,50.56793
37.28235,51.46425
36.29004,72.62875
27.32446,51.97536
43.01795,72.62218
30.62136,49.73988
51.54357,37.5978
54.47479,52.03507
46.6837,76.38964
36.40191,55.50854
32.79919,57.24132
63.01717,51.67786
30.48439,39.33047
36.6763,87.27119
18.94383,59.33327
43.45898,51.92991
37.48009,68.55787
45.79938,71.73394
39.69381,58.77897
43.60521,51.59496
49.18213,66.20721
25.83677,47.10274
30.90342,53.13581
40.20493,60.96742
46.98463,52.61281
39.37106,46.29081
40.281,59.03583
40.44173,47.78119
37.66053,59.73406
38.11046,44.89672
48.2845,41.49009
49.2973,63.16118
22.48131,74.58899
52.90003,58.66274
39.1711,60.65303
46.23943,65.03093
38.69597,84.08148
40.79527,49.7543
42.84691,57.79911
65.71859,53.45975
32.24807,67.18962
37.50528,72.15233
46.19626,63.37228
46.93901,50.99902
30.82879,59.55766
53.35965,52.76179
48.15439,68.73672
33.21166,38.87962
29.92048,77.03939
37.6465,56.99416
35.9354,77.82079
47.70036,64.47489
25.77065,62.45383
41.92523,57.7624
34.45473,60.32253
30.77576,52.58115
26.14364,66.58151
47.21836,51.68076
55.78841,57.97879
43.2989,56.97968
40.87212,27.31616
49.88417,32.45283
20.55912,57.01987
25.06116,44.75805
26.01595,55.76411
37.25416,65.31094
53.36999,53.56238
38.84896,56.97574
39.51915,61.65769
37.02022,69.50709
50.74908,56.24477
35.7051,58.49562
44.44394,67.48245
54.81738,61.41306
45.88216,63.42376
39.53611,65.04189
44.80203,50.21186
29.91771,71.56391
25.37846,64.61015
41.21589,64.27742
51.48426,68.011
59.85225,60.61618
51.70456,47.81819
47.91999,46.15824
41.99199,65.34492
53.38919,71.59792
50.13654,58.47133
43.55886,50.07811
44.48821,73.62916
27.92514,67.88335
36.57076,72.47042
35.29817,65.07594
51.4997,63.69956
49.04667,65.28074
38.21852,56.44799
35.58804,44.72433
27.65341,61.1188
41.22976,53.65146
32.00885,46.29029
46.49651,55.93187
25.12809,45.54561
31.50795,35.04832
32.441,70.15026
50.46987,56.49627
53.02414,48.18963
46.28482,64.75075
21.90914,60.49558
38.16132,56.99729
32.70623,53.86508
30.58785,74.07853
42.87658,64.60489
41.16918,50.85736
40.4065,56.96268
27.98043,54.99941
39.86144,65.40418
44.06916,58.01787
41.27358,47.03271
29.50536,50.07637
42.72526,52.06594
55.88999,57.75395
43.43729,45.53989
45.21592,56.23551
21.46886,50.97331
40.8175,63.63504
34.89724,64.74254
38.82377,54.30612
39.81253,61.8196
42.25532,62.65005
44.36548,49.87988
31.58178,55.53971
35.25133,53.15157
50.77632,74.22147
46.64062,37.81122
50.71756,53.06595
49.07775,59.12901
26.63234,64.19727
48.79625,38.62079
22.20029,73.11573
44.41,53.04649
63.88825,48.97889
33.57092,63.84941
44.85232,62.17386
43.81482,57.73569
32.16317,58.71496
34.76834,55.57443
27.02004,60.16687
36.84926,46.01221
36.16788,68.04738
54.34972,51.9426
47.11679,77.18788
57.4229,32.305
52.18029,65.10573
51.85909,67.51661
49.03182,60.34069
45.43005,59.77699
33.16007,67.7972
28.07412,60.4441
37.39232,60.04588
41.7159,54.8672
32.7979,73.65913
48.73786,49.54446
55.61709,57.06916
26.59618,54.89858
42.08567,40.12172
52.21176,52.75539
36.55513,62.31943
31.43811,50.33373
40.87347,69.90448
25.97094,68.05602
35.18777,47.83521
30.72323,53.49924
41.99314,50.87471
30.88503,59.03542
55.63384,51.22741
37.70752,54.48603
27.17879,73.22714
55.74353,35.89603
25.66439,58.53562
17.00957,68.39096
43.95091,61.0425
38.8072,53.42418
40.30421,55.30517
39.78672,57.06535
63.90414,56.32496
48.88094,67.82444
58.40254,79.28048
39.70721,64.78928
47.59079,51.5511
44.84636,52.34264
21.27829,50.89752
56.59843,65.83452
37.48017,57.39704
49.15954,46.12192
37.66307,57.0688
41.86126,63.41366
51.73052,66.6951
47.64847,58.08665
35.17402,56.00186
45.44158,84.85019
63.14872,70.52519
42.08557,54.22347
46.01514,58.37922
42.11817,66.59673
26.51054,64.8716
28.67938,67.39531
29.98758,56.67641
23.97532,53.69432
54.47663,68.48247
25.66849,56.62032
36.40398,63.52458
37.76594,48.95203
44.49676,53.93384
41.21254,67.43937
14.46949,62.26729
26.00632,58.30301
47.84569,51.46759
44.96501,81.81427
52.12286,65.78259
34.2726,65.021
36.36313,63.94629
20.33037,62.20769
58.24481,54.45848
28.1422,76.06569
40.83747,60.21198
29.58027,51.32616
41.68749,56.74836
19.3453,49.81644
39.10978,59.98583
30.06011,59.57409
30.11872,48.14224
26.80173,69.78267
41.4497,56.78115
39.84126,49.97964
59.78358,61.26106
45.44818,64.82023
58.4162,58.58034
36.46915,65.33484
47.39338,54.89619
55.97659,75.71833
25.90733,51.43085
56.32167,55.58431
59.47724,54.72548
36.04946,34.22141
34.61991,75.20385
40.56393,60.7759
23.05746,43.83699
49.64375,49.0249
22.87106,59.36683
41.12026,55.79939
55.2759,52.32505
45.41858,69.30771
42.58969,48.27374
59.78563,54.97828
46.41741,52.72119
13.42948,57.03562
50.9471,56.93176
46.0973,47.2256
34.89751,71.07395
26.31495,49.99565
30.89327,79.22578
43.23482,46.73741
44.94405,50.6335
45.22232,80.58161
7.826419,39.47855
33.07619,72.86371
52.04657,62.56454
41.67568,60.35936
55.84756,67.5848
36.04547,49.41498
36.28569,60.10168
45.72856,50.07189
39.05539,54.94165
20.2726,48.62656
27.33974,51.36997
46.13468,55.69144
44.96999,65.99128
46.39057,67.48663
47.08233,60.20998
36.53939,60.50986
38.75325,61.35403
42.64909,57.29917
23.09582,70.34206
42.44851,44.21829
33.49563,71.32774
47.07288,55.7378
24.9612,53.32379
45.48775,65.85651
59.20356,68.74465
44.00992,50.52786
43.68642,83.65863
41.87053,51.92226
43.72969,46.00091
38.52629,76.75724
53.42536,73.632
39.33739,51.29871
36.66598,51.51536
41.96913,61.30644
35.25198,60.78493
33.56147,59.85432
33.07125,49.41556
48.44303,51.90851
40.75025,68.0989
50.35784,54.57351
44.57279,78.77867
24.52693,68.57829
54.20255,63.61836
41.30357,66.8662
37.41374,71.92524
26.86204,55.37459
39.55137,43.2294
47.00566,53.65933
38.12361,57.12999
37.52485,80.64694
39.20578,62.21249
52.36179,58.99351
45.0324,47.69177
40.86912,38.84561
48.08253,68.39592
54.8749,66.84655
24.57269,71.18354
35.00761,57.033
43.44146,65.25961
43.16221,47.03518
34.24286,62.92888
43.58324,56.57035
36.35557,67.91737
35.1833,55.00228
44.51795,68.3382
54.39144,37.30894
45.86727,87.3137
39.09084,66.78102
27.79925,58.74917
33.06475,78.47807
23.54635,55.19841
43.46392,64.71713
35.42679,54.08204
34.19314,71.58672
10.8867,68.44097
56.59104,64.011
47.3817,56.87357
38.49504,60.46255
52.51262,67.06044
44.5458,57.88389
44.03849,53.62613
36.41589,56.97656
50.31431,61.40527
30.72297,53.84722
29.87761,61.21636
59.26816,69.29843
35.04088,61.20282
44.87322,43.20948
29.24664,51.7367
50.04572,53.45699
47.97724,69.38969
29.6133,70.91985
30.89345,61.36776
31.74421,58.71527
36.60416,56.83749
47.78417,53.40695
23.22726,57.4777
51.37993,65.01276
31.36008,63.86529
46.77678,65.41522
44.1524,46.76581
41.43843,54.11403
53.77942,55.54833
33.7694,79.58607
35.79716,55.52056
30.53843,72.95658
46.22857,34.53551
39.67892,62.87499
36.81919,52.38703
34.27178,48.92915
42.32842,63.12152
46.33527,63.28707
53.53398,51.14082
40.61128,50.21093
50.62107,40.45209
36.47783,78.33963
52.38983,64.53774
30.01806,75.31725
39.00967,50.87296
22.71875,67.99089
61.24,65.89064
39.18396,65.65822
44.69035,57.93645
58.0471,69.76289
51.25563,61.33045
46.92124,83.3785
46.25302,66.06521
52.40546,66.73065
40.28902,53.28891
44.73831,63.29274
43.15397,65.65951
44.85846,77.73084
42.86439,67.90505
56.25276,58.54541
51.62415,67.15461
44.7667,61.48524
48.91067,66.60661
20.23477,59.03073
18.98427,70.79776
16.33768,68.84142
49.40031,47.88199
41.66533,67.50779
59.2293,74.68412
58.47326,53.63286
62.36667,50.95881
21.85536,54.86045
40.38865,61.31855
40.74187,47.65873
58.00854,42.82972
45.35452,41.83214
66.66133,50.6532
33.77558,62.47507
48.09134,64.89226
40.08256,51.44899
29.58933,58.19596
43.58031,65.94927
53.30803,36.98284
28.87137,51.90188
56.40753,62.59392
29.47485,32.19725
33.29645,67.43765
38.72936,56.59565
32.29439,53.9696
32.41527,48.44307
45.76281,64.38473
33.8258,59.16824
22.67527,54.22386
13.19942,60.1388
29.50579,55.28771
45.70325,56.31371
43.70217,61.486
29.53128,66.01217
34.58708,54.27694
51.84493,61.97
46.43159,55.3816
47.37223,63.45379
28.52821,68.99037
53.74314,61.20763
29.91581,63.06654
51.85804,68.08115
24.65317,60.97069
45.07661,64.13075
34.09175,59.97359
49.69564,67.62843
43.0814,55.20282
36.45465,50.92306
45.95494,50.09121
34.86304,61.43269
31.35199,65.54097
28.85687,70.20236
38.01644,45.00452
39.33137,61.01991
45.43656,53.36308
21.14175,39.8683
52.64809,71.72782
36.58138,39.92153
36.92193,64.58077
17.71107,64.94933
43.15869,54.23448
47.18889,60.86159
43.73414,62.9692
46.89299,65.56661
42.87272,43.29337
40.53452,61.72891
48.3142,54.04765
38.05576,45.26198
22.1779,68.1016
56.94227,86.55324
34.75308,55.7262
33.97889,52.78297
40.91016,65.19449
33.7199,57.27735
49.14691,64.16595
48.61678,65.28603
28.11857,45.33089
20.4317,51.46033
50.93737,74.1835
22.29103,75.65685
43.51035,58.55402
60.11132,58.98568
61.21623,69.80801
48.33622,41.19602
33.39445,65.82391
29.34521,59.85588
54.38664,80.36837
34.7127,57.47011
40.33881,57.22665
62.24166,51.57828
40.15035,56.58465
38.71685,70.14773
39.12633,60.63593
51.69781,63.27919
25.68791,40.27335
47.94294,43.08792
67.88265,60.98403
26.55077,50.80384
46.29426,47.39325
31.52882,62.19854
57.78245,63.38965
38.04019,67.43048
37.7145,51.81503
62.57692,60.83238
28.86001,51.2246
41.62214,58.10787
23.74967,67.99766
46.85755,54.24618
37.5762,62.86578
56.43054,64.46652
23.42326,62.49845
44.27762,57.30138
40.88654,73.0129
35.14983,69.20756
24.17791,55.47302
41.70554,59.55818
36.33261,42.50658
39.01491,47.29492
44.81983,67.23057
40.07327,53.91739
30.90242,79.43702
36.81031,51.52639
43.03812,57.54671
32.79469,64.19816
37.48284,63.44551
45.29159,76.73057
35.24219,55.9317
38.39624,63.38412
34.79193,55.69379
48.43391,46.13215
59.01439,65.74738
35.53231,63.11478
40.90201,74.3216
41.53148,42.03367
35.52626,83.71515
27.84255,60.091
43.60266,62.19615
24.29746,62.7834
30.38543,52.90134
52.67648,32.67734
36.9756,68.24067
37.8756,68.28506
48.75739,53.39937
56.86054,59.49221
57.58251,67.85455
42.30235,54.44661
56.72005,71.69892
34.09218,56.2818
47.25593,56.96026
23.48291,54.36535
23.12866,65.25963
51.5916,62.71912
20.53896,47.69149
51.81452,52.07644
48.44256,51.18517
62.44255,45.78976
17.27593,60.46275
53.77579,65.79631
37.08417,63.94993
47.97955,55.61669
35.22937,74.55077
26.42555,55.0765
40.20962,64.5191
58.95403,59.6799
17.21381,69.54397
32.95241,52.18707
59.68467,40.53054
30.58042,63.08007
48.74949,70.51133
50.65636,59.32031
40.4251,50.73494
45.28402,51.53691
34.34718,47.58747
38.59024,51.33721
40.71961,74.12315
40.37913,50.36806
47.26266,70.09016
34.55216,56.49265
42.125,66.37105
56.81907,44.97096
53.69397,66.83374
45.11847,74.85613
27.42444,66.70893
11.50407,56.95046
49.0322,62.76543
23.48502,75.85309
50.98872,71.68141
27.57767,62.33503
47.66222,65.10868
45.13893,67.17903
45.78568,69.31007
47.92223,65.00936
48.03205,47.78571
43.65009,56.48259
28.54301,59.48517
48.14451,60.26351
30.73458,53.41976
41.65806,72.97177
47.42073,72.11551
54.31567,51.07155
37.98036,67.0989
58.32997,63.25209
43.19876,60.36072
28.11309,72.51996
37.01089,69.21339
32.97436,69.77639
34.20864,61.29887
31.93696,62.87588
30.94324,70.95922
43.49319,59.84101
27.81164,72.67459
32.15255,42.51905
51.29612,79.81878
38.0315,54.71503
29.27812,62.24455
44.40411,68.84855
23.34787,61.94084
49.36656,64.14016
17.60005,69.14876
30.85341,54.0978
44.90497,63.7959
57.36587,58.50857
49.0943,69.75703
26.6611,68.32285
40.70467,53.43072
28.55086,56.30226
36.25912,59.3196
48.98826,66.10667
33.26312,69.86829
32.02353,58.18483
27.30424,55.4792
51.44975,71.13834
59.81329,47.9164
51.14651,60.196
61.69583,47.11762
36.56804,68.23382
40.64832,66.75034
45.86368,68.31128
44.60644,60.16793
35.88663,49.38532
57.68279,60.16859
51.6255,49.49683
42.5861,62.54503
46.0202,56.69676
46.45453,58.70955
38.30502,49.6469
48.84556,65.31183
30.15666,63.67134
38.53791,56.76666
23.9704,68.72659
50.02861,63.9783
45.18616,61.15616
43.502,73.08999
44.7494,43.9657
60.56076,43.47697
51.11581,80.65344
35.88928,62.03462
32.33509,52.6811
49.07877,68.18728
50.33895,64.57106
49.26652,79.60231
18.55579,68.16774
41.00905,45.10266
28.00344,61.47371
18.14624,60.1302
53.95843,68.46303
52.5372,68.16769
38.93926,62.98392
29.05058,62.4427
41.75223,64.63294
37.64791,47.91551
48.79252,64.57806
51.77635,55.95868
27.10765,58.84145
38.6845,49.5615
44.48639,56.53763
23.60541,43.46694
38.7037,61.0992
43.00739,55.95437
51.56791,63.63943
25.26915,63.87523
42.56982,67.66801
38.08915,64.5408
34.78496,45.51393
35.88933,55.3666
47.22242,66.03583
51.96253,51.7511
40.78976,59.28554
41.27407,67.80852
44.66972,69.17705
39.15088,54.56051
29.16955,64.9487
31.77423,66.87607
53.4651,62.77485
40.41047,72.14114
42.61213,59.06376
39.57467,62.27438
54.50277,49.35228
57.91767,56.73445
45.64944,53.13589
21.88918,49.30231
51.04494,68.31933
42.09716,72.15952
43.04227,53.48632
47.14463,56.0835
45.62461,77.81975
55.20789,58.71653
36.05181,53.08629
43.73998,58.94337
34.23256,65.07769
20.95196,74.2487
32.88314,79.69149
38.36533,59.0739
44.56165,52.40328
39.33794,70.14443
49.1245,67.76719
22.91567,56.11771
45.63892,47.58675
42.75653,63.07043
46.39609,68.40751
46.88703,66.433
54.88489,75.612
34.0548,57.12219
37.38898,62.3226
48.23034,62.03111
54.79647,59.39724
59.52773,50.58208
50.2512,67.96679
46.22677,54.53655
48.98464,58.14621
45.09392,64.88113
44.77223,44.4438
34.00083,59.08957
28.31505,36.30374
53.05011,67.34682
25.10745,42.70245
46.08558,61.97675
50.62893,45.19788
46.68802,47.42063
43.07386,77.93637
36.70228,53.66054
11.47373,68.61527
42.08087,66.43765
37.96224,52.46353
28.30779,70.53446
59.18555,62.19979
43.39802,63.35423
37.68739,55.33306
48.85135,64.6936
42.29553,61.3545
53.10208,61.65183
44.18706,56.29505
47.34497,61.47757
34.5298,67.07189
22.82447,57.02137
48.27827,53.97093
45.27673,52.04495
44.17967,64.35678
33.85752,60.59858
29.57068,55.91483
43.5061,62.07275
26.33832,73.38955
13.77208,64.03381
37.39434,60.17785
25.09434,55.0823
41.91991,45.2935
54.31478,53.6106
42.18649,61.34159
47.74056,60.98222
38.6671,54.8464
34.33136,63.66866
45.49676,46.21109
48.64805,50.69878
59.7194,53.67238
48.14389,64.17408
55.16922,76.47846
51.50727,65.82463
42.69824,71.33099
52.7367,66.52017
44.49347,44.03264
42.79715,51.57061
50.60694,52.83994
37.5125,68.15924
46.73844,65.58825
30.74257,54.61627
52.50878,63.62914
18.06539,67.96441
36.22066,49.6668
26.8746,69.52796
46.44655,53.95027
37.5481,59.69554
26.17275,73.02736
42.92903,70.03363
36.25652,64.53602
32.71939,57.83974
45.61599,61.58367
39.26789,57.98376
34.55469,66.68845
36.45908,70.13852
41.83166,77.96375
25.83818,63.53773
27.9007,58.79853
41.00502,68.62589
34.09975,75.41777
29.14662,51.12136
41.39825,53.92034
54.13261,51.89971
36.2243,62.59828
29.95055,56.40722
46.80503,70.14497
41.96831,67.27118
12.71827,62.29628
